{"name":"69c96060-28fd-4bed-8f5e-cda248fbee91","id":"/providers/Microsoft.Flow/flows/69c96060-28fd-4bed-8f5e-cda248fbee91","type":"Microsoft.Flow/flows","properties":{"apiId":"/providers/Microsoft.PowerApps/apis/shared_logicflows","displayName":"Gerar_Relatorio_Planejamento_Integrado_Homologa","definition":{"metadata":{"workflowEntityId":null,"processAdvisorMetadata":null,"flowChargedByPaygo":null,"flowclientsuspensionreason":"None","flowclientsuspensiontime":null,"flowclientsuspensionreasondetails":null,"creator":{"id":"70fab7e2-a43c-4cbc-9053-a706f0880b5c","type":"User","tenantId":"e5d3ae7c-9b38-48de-a087-f6734a287574"},"provisioningMethod":"FromDefinition","failureAlertSubscription":true,"clientLastModifiedTime":"2025-07-07T13:03:27.2896139Z","connectionKeySavedTimeKey":"2025-09-11T07:27:02.8297995Z","creationSource":null,"modifiedSources":"Portal","clientCreatedTime":"2025-10-21T08:06:35.6561177Z","migrationSourceId":"/subscriptions/211c6e7c-57cf-4bb6-b102-fcf115919a59/resourceGroups/e5d3ae7c9b3848dea087f6734a287574-defaulte5d3ae7c9b3848dea087f6734a287574-env/providers/Microsoft.Logic/workflows/69c96060-28fd-4bed-8f5e-cda248fbee91-azshadow"},"$schema":"https://schema.management.azure.com/providers/Microsoft.Logic/schemas/2016-06-01/workflowdefinition.json#","contentVersion":"1.0.0.0","parameters":{"$authentication":{"defaultValue":{},"type":"SecureObject"},"$connections":{"defaultValue":{},"type":"Object"}},"triggers":{"manual":{"metadata":{"operationMetadataId":"bc1dc6eb-3379-44cb-b4d1-be16155fb0f7"},"type":"Request","kind":"PowerAppV2","inputs":{"schema":{"type":"object","properties":{"text":{"description":"Please enter your input","title":"Ações","type":"string","x-ms-content-hint":"TEXT","x-ms-dynamically-added":true},"text_1":{"description":"Please enter your input","title":"Usuario","type":"string","x-ms-content-hint":"TEXT","x-ms-dynamically-added":true}},"required":["text","text_1"]}}}},"actions":{"Run_a_query_against_a_dataset":{"runAfter":{},"metadata":{"operationMetadataId":"b969e7ae-4422-414f-a4ef-31f6f65b0e9b"},"type":"OpenApiConnection","inputs":{"parameters":{"groupid":"myworkspace","datasetid":"9d465bef-7c91-4887-97d3-77ae3fe79107","specification/query":"// DAX Query\nDEFINE\n\tVAR __DS0FilterTable = \n\t\tTREATAS(\n\t\t\t{@{triggerBody()?['text']}},\n\t\t\t'PlanejamentoIntegrado_Iniciativas_Homologação (3)'[Acao]\n\t\t)\n\n\tVAR __DS0Core = \n\tSELECTCOLUMNS(\n\tKEEPFILTERS(\n\t\tFILTER(\n\t\t\tKEEPFILTERS(\n\t\t\t\tSUMMARIZECOLUMNS(\n\t\t\t\t\t'PlanejamentoIntegrado_Iniciativas_Homologação (3)'[Id],\n\t\t\t\t\t'PlanejamentoIntegrado_Iniciativas_Homologação (3)'[Programa],\n\t\t\t\t\t'PlanejamentoIntegrado_Iniciativas_Homologação (3)'[Acao],\n\t\t\t\t\t'PlanejamentoIntegrado_Iniciativas_Homologação (3)'[Iniciativa],\n\t\t\t\t\t'PlanejamentoIntegrado_Iniciativas_Homologação (3)'[Status],\n\t\t\t\t\t'PlanejamentoIntegrado_Iniciativas_Homologação (3)'[Resultado],\n\t\t\t\t\t'PlanejamentoIntegrado_Iniciativas_Homologação (3)'[Escopo],\n\t\t\t\t\t'PlanejamentoIntegrado_Iniciativas_Homologação (3)'[AtividadesNaoOrcamentarias],\n\t\t\t\t\t'PlanejamentoIntegrado_ItensDeCusto_Homologação'[Id],\n\t\t\t\t\t'PlanejamentoIntegrado_ItensDeCusto_Homologação'[Forma],\n\t\t\t\t\t'PlanejamentoIntegrado_ItensDeCusto_Homologação'[PlanejamentoIntegrado_Cenarios_Homologação.Beneficio],\n\t\t\t\t\t'PlanejamentoIntegrado_ItensDeCusto_Homologação'[PlanejamentoIntegrado_Cenarios_Homologação.Descricao],\n\t\t\t\t\t'PlanejamentoIntegrado_ItensDeCusto_Homologação'[PlanejamentoIntegrado_Cenarios_Homologação.Id],\n\t\t\t\t\t'PlanejamentoIntegrado_ItensDeCusto_Homologação'[PlanejamentoIntegrado_Cenarios_Homologação.NumeroCenario],\n\t\t\t\t\t'PlanejamentoIntegrado_ItensDeCusto_Homologação'[PlanejamentoIntegrado_Cenarios_Homologação.Risco],\n\t\t\t\t\t'PlanejamentoIntegrado_ItensDeCusto_Homologação'[PlanejamentoIntegrado_Cenarios_Homologação.Tipo],\n\t\t\t\t\t'PlanejamentoIntegrado_ItensDeCusto_Homologação'[ValorUnitario],\n\t\t\t\t\t'PlanejamentoIntegrado_ItensDeCusto_Homologação'[Frequencia],\n\t\t\t\t\t'PlanejamentoIntegrado_ItensDeCusto_Homologação'[ElementoItemCodigo],\n\t\t\t\t\t'PlanejamentoIntegrado_ItensDeCusto_Homologação'[ElementoItem],\n\t\t\t\t\t'PlanejamentoIntegrado_ItensDeCusto_Homologação'[Unidade],\n\t\t\t\t\t'PlanejamentoIntegrado_ItensDeCusto_Homologação'[Premissa],\n\t\t\t\t\t'PlanejamentoIntegrado_ItensDeCusto_Homologação'[PremissaPreco],\n\t\t\t\t\t'PlanejamentoIntegrado_ItensDeCusto_Homologação'[Grupo],\n\t\t\t\t\t'PlanejamentoIntegrado_ItensDeCusto_Homologação'[Fonte],\n\t\t\t\t\t'PlanejamentoIntegrado_ItensDeCusto_Homologação'[Instrumento],\n\t\t\t\t\t'PlanejamentoIntegrado_ItensDeCusto_Homologação'[ValorTotal],\n\t\t\t\t\t'PlanejamentoIntegrado_ItensDeCusto_Homologação'[Quantitativo],\n\t\t\t\t\t'PlanejamentoIntegrado_ItensDeCusto_Homologação'[ID_Iniciativa],\n\t\t\t\t\t'PlanejamentoIntegrado_ItensDeCusto_Homologação'[ID_Cenario],\n\t\t\t\t\t__DS0FilterTable,\n\t\t\t\t\t\"CountRowsPlanejamentoIntegrado_Iniciativas_Homologação__3_\", COUNTROWS('PlanejamentoIntegrado_Iniciativas_Homologação (3)'),\n\t\t\t\t\t\"CountRowsPlanejamentoIntegrado_ItensDeCusto_Homologação\", COUNTROWS('PlanejamentoIntegrado_ItensDeCusto_Homologação')\n\t\t\t\t)\n\t\t\t),\n\t\t\tOR(\n\t\t\t\tOR(\n\t\t\t\t\tOR(\n\t\t\t\t\t\tOR(\n\t\t\t\t\t\t\tOR(\n\t\t\t\t\t\t\t\tOR(\n\t\t\t\t\t\t\t\t\tOR(\n\t\t\t\t\t\t\t\t\t\tOR(\n\t\t\t\t\t\t\t\t\t\t\tOR(\n\t\t\t\t\t\t\t\t\t\t\t\tOR(\n\t\t\t\t\t\t\t\t\t\t\t\t\tOR(\n\t\t\t\t\t\t\t\t\t\t\t\t\t\tOR(\n\t\t\t\t\t\t\t\t\t\t\t\t\t\t\tOR(\n\t\t\t\t\t\t\t\t\t\t\t\t\t\t\t\tOR(\n\t\t\t\t\t\t\t\t\t\t\t\t\t\t\t\t\tOR(\n\t\t\t\t\t\t\t\t\t\t\t\t\t\t\t\t\t\tOR(\n\t\t\t\t\t\t\t\t\t\t\t\t\t\t\t\t\t\t\tOR(\n\t\t\t\t\t\t\t\t\t\t\t\t\t\t\t\t\t\t\t\tOR(\n\t\t\t\t\t\t\t\t\t\t\t\t\t\t\t\t\t\t\t\t\tOR(\n\t\t\t\t\t\t\t\t\t\t\t\t\t\t\t\t\t\t\t\t\t\tOR(\n\t\t\t\t\t\t\t\t\t\t\t\t\t\t\t\t\t\t\t\t\t\t\tOR(\n\t\t\t\t\t\t\t\t\t\t\t\t\t\t\t\t\t\t\t\t\t\t\t\tOR(\n\t\t\t\t\t\t\t\t\t\t\t\t\t\t\t\t\t\t\t\t\t\t\t\t\tOR(\n\t\t\t\t\t\t\t\t\t\t\t\t\t\t\t\t\t\t\t\t\t\t\t\t\t\tOR(\n\t\t\t\t\t\t\t\t\t\t\t\t\t\t\t\t\t\t\t\t\t\t\t\t\t\t\tOR(\n\t\t\t\t\t\t\t\t\t\t\t\t\t\t\t\t\t\t\t\t\t\t\t\t\t\t\t\tOR(\n\t\t\t\t\t\t\t\t\t\t\t\t\t\t\t\t\t\t\t\t\t\t\t\t\t\t\t\t\tOR(\n\t\t\t\t\t\t\t\t\t\t\t\t\t\t\t\t\t\t\t\t\t\t\t\t\t\t\t\t\t\tOR(\n\t\t\t\t\t\t\t\t\t\t\t\t\t\t\t\t\t\t\t\t\t\t\t\t\t\t\t\t\t\t\tOR(\n\t\t\t\t\t\t\t\t\t\t\t\t\t\t\t\t\t\t\t\t\t\t\t\t\t\t\t\t\t\t\t\tNOT(ISBLANK('PlanejamentoIntegrado_Iniciativas_Homologação (3)'[Id])),\n\t\t\t\t\t\t\t\t\t\t\t\t\t\t\t\t\t\t\t\t\t\t\t\t\t\t\t\t\t\t\t\tNOT(ISBLANK('PlanejamentoIntegrado_Iniciativas_Homologação (3)'[Programa]))\n\t\t\t\t\t\t\t\t\t\t\t\t\t\t\t\t\t\t\t\t\t\t\t\t\t\t\t\t\t\t\t),\n\t\t\t\t\t\t\t\t\t\t\t\t\t\t\t\t\t\t\t\t\t\t\t\t\t\t\t\t\t\t\tNOT(ISBLANK('PlanejamentoIntegrado_Iniciativas_Homologação (3)'[Acao]))\n\t\t\t\t\t\t\t\t\t\t\t\t\t\t\t\t\t\t\t\t\t\t\t\t\t\t\t\t\t\t),\n\t\t\t\t\t\t\t\t\t\t\t\t\t\t\t\t\t\t\t\t\t\t\t\t\t\t\t\t\t\tNOT(ISBLANK('PlanejamentoIntegrado_Iniciativas_Homologação (3)'[Iniciativa]))\n\t\t\t\t\t\t\t\t\t\t\t\t\t\t\t\t\t\t\t\t\t\t\t\t\t\t\t\t\t),\n\t\t\t\t\t\t\t\t\t\t\t\t\t\t\t\t\t\t\t\t\t\t\t\t\t\t\t\t\tNOT(ISBLANK('PlanejamentoIntegrado_Iniciativas_Homologação (3)'[Status]))\n\t\t\t\t\t\t\t\t\t\t\t\t\t\t\t\t\t\t\t\t\t\t\t\t\t\t\t\t),\n\t\t\t\t\t\t\t\t\t\t\t\t\t\t\t\t\t\t\t\t\t\t\t\t\t\t\t\tNOT(ISBLANK('PlanejamentoIntegrado_Iniciativas_Homologação (3)'[Resultado]))\n\t\t\t\t\t\t\t\t\t\t\t\t\t\t\t\t\t\t\t\t\t\t\t\t\t\t\t),\n\t\t\t\t\t\t\t\t\t\t\t\t\t\t\t\t\t\t\t\t\t\t\t\t\t\t\tNOT(ISBLANK('PlanejamentoIntegrado_Iniciativas_Homologação (3)'[Escopo]))\n\t\t\t\t\t\t\t\t\t\t\t\t\t\t\t\t\t\t\t\t\t\t\t\t\t\t),\n\t\t\t\t\t\t\t\t\t\t\t\t\t\t\t\t\t\t\t\t\t\t\t\t\t\tNOT(\n\t\t\t\t\t\t\t\t\t\t\t\t\t\t\t\t\t\t\t\t\t\t\t\t\t\t\tISBLANK('PlanejamentoIntegrado_Iniciativas_Homologação (3)'[AtividadesNaoOrcamentarias])\n\t\t\t\t\t\t\t\t\t\t\t\t\t\t\t\t\t\t\t\t\t\t\t\t\t\t)\n\t\t\t\t\t\t\t\t\t\t\t\t\t\t\t\t\t\t\t\t\t\t\t\t\t),\n\t\t\t\t\t\t\t\t\t\t\t\t\t\t\t\t\t\t\t\t\t\t\t\t\tNOT(ISBLANK('PlanejamentoIntegrado_ItensDeCusto_Homologação'[Id]))\n\t\t\t\t\t\t\t\t\t\t\t\t\t\t\t\t\t\t\t\t\t\t\t\t),\n\t\t\t\t\t\t\t\t\t\t\t\t\t\t\t\t\t\t\t\t\t\t\t\tNOT(ISBLANK('PlanejamentoIntegrado_ItensDeCusto_Homologação'[Forma]))\n\t\t\t\t\t\t\t\t\t\t\t\t\t\t\t\t\t\t\t\t\t\t\t),\n\t\t\t\t\t\t\t\t\t\t\t\t\t\t\t\t\t\t\t\t\t\t\tNOT(\n\t\t\t\t\t\t\t\t\t\t\t\t\t\t\t\t\t\t\t\t\t\t\t\tISBLANK(\n\t\t\t\t\t\t\t\t\t\t\t\t\t\t\t\t\t\t\t\t\t\t\t\t\t'PlanejamentoIntegrado_ItensDeCusto_Homologação'[PlanejamentoIntegrado_Cenarios_Homologação.Beneficio]\n\t\t\t\t\t\t\t\t\t\t\t\t\t\t\t\t\t\t\t\t\t\t\t\t)\n\t\t\t\t\t\t\t\t\t\t\t\t\t\t\t\t\t\t\t\t\t\t\t)\n\t\t\t\t\t\t\t\t\t\t\t\t\t\t\t\t\t\t\t\t\t\t),\n\t\t\t\t\t\t\t\t\t\t\t\t\t\t\t\t\t\t\t\t\t\tNOT(\n\t\t\t\t\t\t\t\t\t\t\t\t\t\t\t\t\t\t\t\t\t\t\tISBLANK(\n\t\t\t\t\t\t\t\t\t\t\t\t\t\t\t\t\t\t\t\t\t\t\t\t'PlanejamentoIntegrado_ItensDeCusto_Homologação'[PlanejamentoIntegrado_Cenarios_Homologação.Descricao]\n\t\t\t\t\t\t\t\t\t\t\t\t\t\t\t\t\t\t\t\t\t\t\t)\n\t\t\t\t\t\t\t\t\t\t\t\t\t\t\t\t\t\t\t\t\t\t)\n\t\t\t\t\t\t\t\t\t\t\t\t\t\t\t\t\t\t\t\t\t),\n\t\t\t\t\t\t\t\t\t\t\t\t\t\t\t\t\t\t\t\t\tNOT(\n\t\t\t\t\t\t\t\t\t\t\t\t\t\t\t\t\t\t\t\t\t\tISBLANK(\n\t\t\t\t\t\t\t\t\t\t\t\t\t\t\t\t\t\t\t\t\t\t\t'PlanejamentoIntegrado_ItensDeCusto_Homologação'[PlanejamentoIntegrado_Cenarios_Homologação.Id]\n\t\t\t\t\t\t\t\t\t\t\t\t\t\t\t\t\t\t\t\t\t\t)\n\t\t\t\t\t\t\t\t\t\t\t\t\t\t\t\t\t\t\t\t\t)\n\t\t\t\t\t\t\t\t\t\t\t\t\t\t\t\t\t\t\t\t),\n\t\t\t\t\t\t\t\t\t\t\t\t\t\t\t\t\t\t\t\tNOT(\n\t\t\t\t\t\t\t\t\t\t\t\t\t\t\t\t\t\t\t\t\tISBLANK(\n\t\t\t\t\t\t\t\t\t\t\t\t\t\t\t\t\t\t\t\t\t\t'PlanejamentoIntegrado_ItensDeCusto_Homologação'[PlanejamentoIntegrado_Cenarios_Homologação.NumeroCenario]\n\t\t\t\t\t\t\t\t\t\t\t\t\t\t\t\t\t\t\t\t\t)\n\t\t\t\t\t\t\t\t\t\t\t\t\t\t\t\t\t\t\t\t)\n\t\t\t\t\t\t\t\t\t\t\t\t\t\t\t\t\t\t\t),\n\t\t\t\t\t\t\t\t\t\t\t\t\t\t\t\t\t\t\tNOT(\n\t\t\t\t\t\t\t\t\t\t\t\t\t\t\t\t\t\t\t\tISBLANK(\n\t\t\t\t\t\t\t\t\t\t\t\t\t\t\t\t\t\t\t\t\t'PlanejamentoIntegrado_ItensDeCusto_Homologação'[PlanejamentoIntegrado_Cenarios_Homologação.Risco]\n\t\t\t\t\t\t\t\t\t\t\t\t\t\t\t\t\t\t\t\t)\n\t\t\t\t\t\t\t\t\t\t\t\t\t\t\t\t\t\t\t)\n\t\t\t\t\t\t\t\t\t\t\t\t\t\t\t\t\t\t),\n\t\t\t\t\t\t\t\t\t\t\t\t\t\t\t\t\t\tNOT(\n\t\t\t\t\t\t\t\t\t\t\t\t\t\t\t\t\t\t\tISBLANK(\n\t\t\t\t\t\t\t\t\t\t\t\t\t\t\t\t\t\t\t\t'PlanejamentoIntegrado_ItensDeCusto_Homologação'[PlanejamentoIntegrado_Cenarios_Homologação.Tipo]\n\t\t\t\t\t\t\t\t\t\t\t\t\t\t\t\t\t\t\t)\n\t\t\t\t\t\t\t\t\t\t\t\t\t\t\t\t\t\t)\n\t\t\t\t\t\t\t\t\t\t\t\t\t\t\t\t\t),\n\t\t\t\t\t\t\t\t\t\t\t\t\t\t\t\t\tNOT(ISBLANK('PlanejamentoIntegrado_ItensDeCusto_Homologação'[ValorUnitario]))\n\t\t\t\t\t\t\t\t\t\t\t\t\t\t\t\t),\n\t\t\t\t\t\t\t\t\t\t\t\t\t\t\t\tNOT(ISBLANK('PlanejamentoIntegrado_ItensDeCusto_Homologação'[Frequencia]))\n\t\t\t\t\t\t\t\t\t\t\t\t\t\t\t),\n\t\t\t\t\t\t\t\t\t\t\t\t\t\t\tNOT(ISBLANK('PlanejamentoIntegrado_ItensDeCusto_Homologação'[ElementoItemCodigo]))\n\t\t\t\t\t\t\t\t\t\t\t\t\t\t),\n\t\t\t\t\t\t\t\t\t\t\t\t\t\tNOT(ISBLANK('PlanejamentoIntegrado_ItensDeCusto_Homologação'[ElementoItem]))\n\t\t\t\t\t\t\t\t\t\t\t\t\t),\n\t\t\t\t\t\t\t\t\t\t\t\t\tNOT(ISBLANK('PlanejamentoIntegrado_ItensDeCusto_Homologação'[Unidade]))\n\t\t\t\t\t\t\t\t\t\t\t\t),\n\t\t\t\t\t\t\t\t\t\t\t\tNOT(ISBLANK('PlanejamentoIntegrado_ItensDeCusto_Homologação'[Premissa]))\n\t\t\t\t\t\t\t\t\t\t\t),\n\t\t\t\t\t\t\t\t\t\t\tNOT(ISBLANK('PlanejamentoIntegrado_ItensDeCusto_Homologação'[PremissaPreco]))\n\t\t\t\t\t\t\t\t\t\t),\n\t\t\t\t\t\t\t\t\t\tNOT(ISBLANK('PlanejamentoIntegrado_ItensDeCusto_Homologação'[Grupo]))\n\t\t\t\t\t\t\t\t\t),\n\t\t\t\t\t\t\t\t\tNOT(ISBLANK('PlanejamentoIntegrado_ItensDeCusto_Homologação'[Fonte]))\n\t\t\t\t\t\t\t\t),\n\t\t\t\t\t\t\t\tNOT(ISBLANK('PlanejamentoIntegrado_ItensDeCusto_Homologação'[Instrumento]))\n\t\t\t\t\t\t\t),\n\t\t\t\t\t\t\tNOT(ISBLANK('PlanejamentoIntegrado_ItensDeCusto_Homologação'[ValorTotal]))\n\t\t\t\t\t\t),\n\t\t\t\t\t\tNOT(ISBLANK('PlanejamentoIntegrado_ItensDeCusto_Homologação'[Quantitativo]))\n\t\t\t\t\t),\n\t\t\t\t\tNOT(ISBLANK('PlanejamentoIntegrado_ItensDeCusto_Homologação'[ID_Iniciativa]))\n\t\t\t\t),\n\t\t\t\tNOT(ISBLANK('PlanejamentoIntegrado_ItensDeCusto_Homologação'[ID_Cenario]))\n\t\t\t)\n\t\t)\n\t),\n\t\"'PlanejamentoIntegrado_Iniciativas_Homologação (3)'[Id]\", 'PlanejamentoIntegrado_Iniciativas_Homologação (3)'[Id],\n\t\"'PlanejamentoIntegrado_Iniciativas_Homologação (3)'[Programa]\", 'PlanejamentoIntegrado_Iniciativas_Homologação (3)'[Programa],\n\t\"'PlanejamentoIntegrado_Iniciativas_Homologação (3)'[Acao]\", 'PlanejamentoIntegrado_Iniciativas_Homologação (3)'[Acao],\n\t\"'PlanejamentoIntegrado_Iniciativas_Homologação (3)'[Iniciativa]\", 'PlanejamentoIntegrado_Iniciativas_Homologação (3)'[Iniciativa],\n\t\"'PlanejamentoIntegrado_Iniciativas_Homologação (3)'[Status]\", 'PlanejamentoIntegrado_Iniciativas_Homologação (3)'[Status],\n\t\"'PlanejamentoIntegrado_Iniciativas_Homologação (3)'[Resultado]\", 'PlanejamentoIntegrado_Iniciativas_Homologação (3)'[Resultado],\n\t\"'PlanejamentoIntegrado_Iniciativas_Homologação (3)'[Escopo]\", 'PlanejamentoIntegrado_Iniciativas_Homologação (3)'[Escopo],\n\t\"'PlanejamentoIntegrado_Iniciativas_Homologação (3)'[AtividadesNaoOrcamentarias]\", 'PlanejamentoIntegrado_Iniciativas_Homologação (3)'[AtividadesNaoOrcamentarias],\n\t\"'PlanejamentoIntegrado_ItensDeCusto_Homologação'[Id]\", 'PlanejamentoIntegrado_ItensDeCusto_Homologação'[Id],\n\t\"'PlanejamentoIntegrado_ItensDeCusto_Homologação'[Forma]\", 'PlanejamentoIntegrado_ItensDeCusto_Homologação'[Forma],\n\t\"'PlanejamentoIntegrado_ItensDeCusto_Homologação'[PlanejamentoIntegrado_Cenarios_Homologação.Beneficio]\", 'PlanejamentoIntegrado_ItensDeCusto_Homologação'[PlanejamentoIntegrado_Cenarios_Homologação.Beneficio],\n\t\"'PlanejamentoIntegrado_ItensDeCusto_Homologação'[PlanejamentoIntegrado_Cenarios_Homologação.Descricao]\", 'PlanejamentoIntegrado_ItensDeCusto_Homologação'[PlanejamentoIntegrado_Cenarios_Homologação.Descricao],\n\t\"'PlanejamentoIntegrado_ItensDeCusto_Homologação'[PlanejamentoIntegrado_Cenarios_Homologação.Id]\", 'PlanejamentoIntegrado_ItensDeCusto_Homologação'[PlanejamentoIntegrado_Cenarios_Homologação.Id],\n\t\"'PlanejamentoIntegrado_ItensDeCusto_Homologação'[PlanejamentoIntegrado_Cenarios_Homologação.NumeroCenario]\", 'PlanejamentoIntegrado_ItensDeCusto_Homologação'[PlanejamentoIntegrado_Cenarios_Homologação.NumeroCenario],\n\t\"'PlanejamentoIntegrado_ItensDeCusto_Homologação'[PlanejamentoIntegrado_Cenarios_Homologação.Risco]\", 'PlanejamentoIntegrado_ItensDeCusto_Homologação'[PlanejamentoIntegrado_Cenarios_Homologação.Risco],\n\t\"'PlanejamentoIntegrado_ItensDeCusto_Homologação'[PlanejamentoIntegrado_Cenarios_Homologação.Tipo]\", 'PlanejamentoIntegrado_ItensDeCusto_Homologação'[PlanejamentoIntegrado_Cenarios_Homologação.Tipo],\n\t\"'PlanejamentoIntegrado_ItensDeCusto_Homologação'[ValorUnitario]\", 'PlanejamentoIntegrado_ItensDeCusto_Homologação'[ValorUnitario],\n\t\"'PlanejamentoIntegrado_ItensDeCusto_Homologação'[Frequencia]\", 'PlanejamentoIntegrado_ItensDeCusto_Homologação'[Frequencia],\n\t\"'PlanejamentoIntegrado_ItensDeCusto_Homologação'[ElementoItemCodigo]\", 'PlanejamentoIntegrado_ItensDeCusto_Homologação'[ElementoItemCodigo],\n\t\"'PlanejamentoIntegrado_ItensDeCusto_Homologação'[ElementoItem]\", 'PlanejamentoIntegrado_ItensDeCusto_Homologação'[ElementoItem],\n\t\"'PlanejamentoIntegrado_ItensDeCusto_Homologação'[Unidade]\", 'PlanejamentoIntegrado_ItensDeCusto_Homologação'[Unidade],\n\t\"'PlanejamentoIntegrado_ItensDeCusto_Homologação'[Premissa]\", 'PlanejamentoIntegrado_ItensDeCusto_Homologação'[Premissa],\n\t\"'PlanejamentoIntegrado_ItensDeCusto_Homologação'[PremissaPreco]\", 'PlanejamentoIntegrado_ItensDeCusto_Homologação'[PremissaPreco],\n\t\"'PlanejamentoIntegrado_ItensDeCusto_Homologação'[Grupo]\", 'PlanejamentoIntegrado_ItensDeCusto_Homologação'[Grupo],\n\t\"'PlanejamentoIntegrado_ItensDeCusto_Homologação'[Fonte]\", 'PlanejamentoIntegrado_ItensDeCusto_Homologação'[Fonte],\n\t\"'PlanejamentoIntegrado_ItensDeCusto_Homologação'[Instrumento]\", 'PlanejamentoIntegrado_ItensDeCusto_Homologação'[Instrumento],\n\t\"'PlanejamentoIntegrado_ItensDeCusto_Homologação'[ValorTotal]\", 'PlanejamentoIntegrado_ItensDeCusto_Homologação'[ValorTotal],\n\t\"'PlanejamentoIntegrado_ItensDeCusto_Homologação'[Quantitativo]\", 'PlanejamentoIntegrado_ItensDeCusto_Homologação'[Quantitativo],\n\t\"'PlanejamentoIntegrado_ItensDeCusto_Homologação'[ID_Iniciativa]\", 'PlanejamentoIntegrado_ItensDeCusto_Homologação'[ID_Iniciativa],\n\t\"'PlanejamentoIntegrado_ItensDeCusto_Homologação'[ID_Cenario]\", 'PlanejamentoIntegrado_ItensDeCusto_Homologação'[ID_Cenario]\n)\n\n\tVAR __DS0PrimaryWindowed = \n\t\tTOPN(\n\t\t\t501,\n\t\t\t__DS0Core,\n\t\t\t'PlanejamentoIntegrado_Iniciativas_Homologação (3)'[Programa],\n\t\t\t0,\n\t\t\t'PlanejamentoIntegrado_Iniciativas_Homologação (3)'[Id],\n\t\t\t1,\n\t\t\t'PlanejamentoIntegrado_Iniciativas_Homologação (3)'[Acao],\n\t\t\t1,\n\t\t\t'PlanejamentoIntegrado_Iniciativas_Homologação (3)'[Iniciativa],\n\t\t\t1,\n\t\t\t'PlanejamentoIntegrado_Iniciativas_Homologação (3)'[Status],\n\t\t\t1,\n\t\t\t'PlanejamentoIntegrado_Iniciativas_Homologação (3)'[Resultado],\n\t\t\t1,\n\t\t\t'PlanejamentoIntegrado_Iniciativas_Homologação (3)'[Escopo],\n\t\t\t1,\n\t\t\t'PlanejamentoIntegrado_Iniciativas_Homologação (3)'[AtividadesNaoOrcamentarias],\n\t\t\t1,\n\t\t\t'PlanejamentoIntegrado_ItensDeCusto_Homologação'[Id],\n\t\t\t1,\n\t\t\t'PlanejamentoIntegrado_ItensDeCusto_Homologação'[Forma],\n\t\t\t1,\n\t\t\t'PlanejamentoIntegrado_ItensDeCusto_Homologação'[PlanejamentoIntegrado_Cenarios_Homologação.Beneficio],\n\t\t\t1,\n\t\t\t'PlanejamentoIntegrado_ItensDeCusto_Homologação'[PlanejamentoIntegrado_Cenarios_Homologação.Descricao],\n\t\t\t1,\n\t\t\t'PlanejamentoIntegrado_ItensDeCusto_Homologação'[PlanejamentoIntegrado_Cenarios_Homologação.Id],\n\t\t\t1,\n\t\t\t'PlanejamentoIntegrado_ItensDeCusto_Homologação'[PlanejamentoIntegrado_Cenarios_Homologação.NumeroCenario],\n\t\t\t1,\n\t\t\t'PlanejamentoIntegrado_ItensDeCusto_Homologação'[PlanejamentoIntegrado_Cenarios_Homologação.Risco],\n\t\t\t1,\n\t\t\t'PlanejamentoIntegrado_ItensDeCusto_Homologação'[PlanejamentoIntegrado_Cenarios_Homologação.Tipo],\n\t\t\t1,\n\t\t\t'PlanejamentoIntegrado_ItensDeCusto_Homologação'[ValorUnitario],\n\t\t\t1,\n\t\t\t'PlanejamentoIntegrado_ItensDeCusto_Homologação'[Frequencia],\n\t\t\t1,\n\t\t\t'PlanejamentoIntegrado_ItensDeCusto_Homologação'[ElementoItemCodigo],\n\t\t\t1,\n\t\t\t'PlanejamentoIntegrado_ItensDeCusto_Homologação'[ElementoItem],\n\t\t\t1,\n\t\t\t'PlanejamentoIntegrado_ItensDeCusto_Homologação'[Unidade],\n\t\t\t1,\n\t\t\t'PlanejamentoIntegrado_ItensDeCusto_Homologação'[Premissa],\n\t\t\t1,\n\t\t\t'PlanejamentoIntegrado_ItensDeCusto_Homologação'[PremissaPreco],\n\t\t\t1,\n\t\t\t'PlanejamentoIntegrado_ItensDeCusto_Homologação'[Grupo],\n\t\t\t1,\n\t\t\t'PlanejamentoIntegrado_ItensDeCusto_Homologação'[Fonte],\n\t\t\t1,\n\t\t\t'PlanejamentoIntegrado_ItensDeCusto_Homologação'[Instrumento],\n\t\t\t1,\n\t\t\t'PlanejamentoIntegrado_ItensDeCusto_Homologação'[ValorTotal],\n\t\t\t1,\n\t\t\t'PlanejamentoIntegrado_ItensDeCusto_Homologação'[Quantitativo],\n\t\t\t1,\n\t\t\t'PlanejamentoIntegrado_ItensDeCusto_Homologação'[ID_Iniciativa],\n\t\t\t1,\n\t\t\t'PlanejamentoIntegrado_ItensDeCusto_Homologação'[ID_Cenario],\n\t\t\t1\n\t\t)\n\nEVALUATE\n\t__DS0PrimaryWindowed\n\nORDER BY\n\t'PlanejamentoIntegrado_Iniciativas_Homologação (3)'[Programa] DESC,\n\t'PlanejamentoIntegrado_Iniciativas_Homologação (3)'[Id],\n\t'PlanejamentoIntegrado_Iniciativas_Homologação (3)'[Acao],\n\t'PlanejamentoIntegrado_Iniciativas_Homologação (3)'[Iniciativa],\n\t'PlanejamentoIntegrado_Iniciativas_Homologação (3)'[Status],\n\t'PlanejamentoIntegrado_Iniciativas_Homologação (3)'[Resultado],\n\t'PlanejamentoIntegrado_Iniciativas_Homologação (3)'[Escopo],\n\t'PlanejamentoIntegrado_Iniciativas_Homologação (3)'[AtividadesNaoOrcamentarias],\n\t'PlanejamentoIntegrado_ItensDeCusto_Homologação'[Id],\n\t'PlanejamentoIntegrado_ItensDeCusto_Homologação'[Forma],\n\t'PlanejamentoIntegrado_ItensDeCusto_Homologação'[PlanejamentoIntegrado_Cenarios_Homologação.Beneficio],\n\t'PlanejamentoIntegrado_ItensDeCusto_Homologação'[PlanejamentoIntegrado_Cenarios_Homologação.Descricao],\n\t'PlanejamentoIntegrado_ItensDeCusto_Homologação'[PlanejamentoIntegrado_Cenarios_Homologação.Id],\n\t'PlanejamentoIntegrado_ItensDeCusto_Homologação'[PlanejamentoIntegrado_Cenarios_Homologação.NumeroCenario],\n\t'PlanejamentoIntegrado_ItensDeCusto_Homologação'[PlanejamentoIntegrado_Cenarios_Homologação.Risco],\n\t'PlanejamentoIntegrado_ItensDeCusto_Homologação'[PlanejamentoIntegrado_Cenarios_Homologação.Tipo],\n\t'PlanejamentoIntegrado_ItensDeCusto_Homologação'[ValorUnitario],\n\t'PlanejamentoIntegrado_ItensDeCusto_Homologação'[Frequencia],\n\t'PlanejamentoIntegrado_ItensDeCusto_Homologação'[ElementoItemCodigo],\n\t'PlanejamentoIntegrado_ItensDeCusto_Homologação'[ElementoItem],\n\t'PlanejamentoIntegrado_ItensDeCusto_Homologação'[Unidade],\n\t'PlanejamentoIntegrado_ItensDeCusto_Homologação'[Premissa],\n\t'PlanejamentoIntegrado_ItensDeCusto_Homologação'[PremissaPreco],\n\t'PlanejamentoIntegrado_ItensDeCusto_Homologação'[Grupo],\n\t'PlanejamentoIntegrado_ItensDeCusto_Homologação'[Fonte],\n\t'PlanejamentoIntegrado_ItensDeCusto_Homologação'[Instrumento],\n\t'PlanejamentoIntegrado_ItensDeCusto_Homologação'[ValorTotal],\n\t'PlanejamentoIntegrado_ItensDeCusto_Homologação'[Quantitativo],\n\t'PlanejamentoIntegrado_ItensDeCusto_Homologação'[ID_Iniciativa],\n\t'PlanejamentoIntegrado_ItensDeCusto_Homologação'[ID_Cenario]\n","specification/serializerSettings/includeNulls":false},"host":{"apiId":"/providers/Microsoft.PowerApps/apis/shared_powerbi","connectionName":"shared_powerbi","operationId":"ExecuteDatasetQuery"},"authentication":"@parameters('$authentication')"}},"Compose":{"runAfter":{"Run_a_query_against_a_dataset":["Succeeded"]},"metadata":{"operationMetadataId":"53b420c1-0513-4d33-b425-9985164f0842"},"type":"Compose","inputs":"@outputs('Run_a_query_against_a_dataset')?['body']?['results']?[0]?['tables']?[0]?['rows']"},"Parse_JSON":{"runAfter":{"Compose":["Succeeded"]},"metadata":{"operationMetadataId":"8e4b9e0a-c608-426a-b672-6bc3ff6774f5"},"type":"ParseJson","inputs":{"content":"@outputs('Compose')","schema":{"type":"array","items":{"type":"object","properties":{"PlanejamentoIntegrado_Iniciativas_Homologação (3)[Id]":{"type":"string"},"PlanejamentoIntegrado_Iniciativas_Homologação (3)[Programa]":{"type":"string"},"PlanejamentoIntegrado_Iniciativas_Homologação (3)[Acao]":{"type":"string"},"PlanejamentoIntegrado_Iniciativas_Homologação (3)[Iniciativa]":{"type":"string"},"PlanejamentoIntegrado_Iniciativas_Homologação (3)[Status]":{"type":"string"},"PlanejamentoIntegrado_Iniciativas_Homologação (3)[Resultado]":{"type":"string"},"PlanejamentoIntegrado_Iniciativas_Homologação (3)[Escopo]":{"type":"string"},"PlanejamentoIntegrado_Iniciativas_Homologação (3)[AtividadesNaoOrcamentarias]":{"type":"string"},"PlanejamentoIntegrado_ItensDeCusto_Homologação[PlanejamentoIntegrado_Cenarios_Homologação.Id]":{"type":"string"},"PlanejamentoIntegrado_ItensDeCusto_Homologação[PlanejamentoIntegrado_Cenarios_Homologação.Descricao]":{"type":"string"},"PlanejamentoIntegrado_ItensDeCusto_Homologação[PlanejamentoIntegrado_Cenarios_Homologação.Tipo]":{"type":"string"},"PlanejamentoIntegrado_ItensDeCusto_Homologação[PlanejamentoIntegrado_Cenarios_Homologação.NumeroCenario]":{"type":"string"},"PlanejamentoIntegrado_ItensDeCusto_Homologação[PlanejamentoIntegrado_Cenarios_Homologação.Beneficio]":{"type":"string"},"PlanejamentoIntegrado_ItensDeCusto_Homologação[PlanejamentoIntegrado_Cenarios_Homologação.Risco]":{"type":"string"},"PlanejamentoIntegrado_ItensDeCusto_Homologação[Id]":{"type":"integer"},"PlanejamentoIntegrado_ItensDeCusto_Homologação[Item de Custo]":{"type":"string"},"PlanejamentoIntegrado_ItensDeCusto_Homologação[Forma]":{"type":"string"},"PlanejamentoIntegrado_ItensDeCusto_Homologação[Quantitativo]":{"type":"integer"},"PlanejamentoIntegrado_ItensDeCusto_Homologação[ValorUnitario]":{"type":"number"},"PlanejamentoIntegrado_ItensDeCusto_Homologação[Frequencia]":{"type":"string"},"PlanejamentoIntegrado_ItensDeCusto_Homologação[ElementoItemCodigo]":{"type":"string"},"PlanejamentoIntegrado_ItensDeCusto_Homologação[ElementoItem]":{"type":"string"},"PlanejamentoIntegrado_ItensDeCusto_Homologação[Unidade]":{"type":"string"},"PlanejamentoIntegrado_ItensDeCusto_Homologação[Premissa]":{"type":"string"},"PlanejamentoIntegrado_ItensDeCusto_Homologação[PremissaPreco]":{"type":"string"},"PlanejamentoIntegrado_ItensDeCusto_Homologação[Grupo]":{"type":"string"},"PlanejamentoIntegrado_ItensDeCusto_Homologação[Fonte]":{"type":"string"},"PlanejamentoIntegrado_ItensDeCusto_Homologação[Instrumento]":{"type":"string"},"PlanejamentoIntegrado_ItensDeCusto_Homologação[ValorTotal]":{"type":"string"}},"required":["PlanejamentoIntegrado_Iniciativas_Homologação [Id]"]}}}},"Get_file_content":{"runAfter":{"Select":["Succeeded"]},"metadata":{"%252fDocumentos%2bCompartilhados%252fGeneral%252fBases%2bDashboard%252fRelat%25c3%25b3rios%252fRelatorioModelo.xlsx":"/Documentos Compartilhados/General/Bases Dashboard/Relatórios/RelatorioModelo.xlsx","operationMetadataId":"2ea453fe-1ae7-46a0-900a-0d6d2edb4e8d"},"type":"OpenApiConnection","inputs":{"parameters":{"dataset":"https://cecad365.sharepoint.com/sites/AssessoriadePlanejamentoModernizaoeDados-SEDESE","id":"%252fDocumentos%2bCompartilhados%252fGeneral%252fBases%2bDashboard%252fRelat%25c3%25b3rios%252fRelatorioModelo.xlsx","inferContentType":true},"host":{"apiId":"/providers/Microsoft.PowerApps/apis/shared_sharepointonline","connectionName":"shared_sharepointonline","operationId":"GetFileContent"},"authentication":"@parameters('$authentication')"}},"Post_message_in_a_chat_or_channel":{"runAfter":{"Create_share_link":["Succeeded"]},"metadata":{"operationMetadataId":"7d4654fc-9ef7-40ca-b6ba-c0e0929efd10"},"type":"OpenApiConnection","inputs":{"parameters":{"poster":"Flow bot","location":"Chat with Flow bot","body/recipient":"@triggerBody()?['text_1']","body/messageBody":"<p class=\"editor-paragraph\">Olá! Aqui está o relatório solicitado no app de Planejamento Integrado 2025.</p><br><p class=\"editor-paragraph\"><a href=\"@{outputs('Create_share_link')?['body/WebUrl']}\" class=\"editor-link\">Link para o relatório</a></p><br>"},"host":{"apiId":"/providers/Microsoft.PowerApps/apis/shared_teams","connectionName":"shared_teams","operationId":"PostMessageToConversation"},"authentication":"@parameters('$authentication')"}},"Select":{"runAfter":{"Parse_JSON":["Succeeded"]},"metadata":{"operationMetadataId":"f502b484-5c59-4a23-a452-dc5577830d71"},"type":"Select","inputs":{"from":"@body('Parse_JSON')","select":["@item()?['PlanejamentoIntegrado_Iniciativas_Homologação (3)[Id]']","@item()?['PlanejamentoIntegrado_Iniciativas_Homologação (3)[Programa]']","@item()?['PlanejamentoIntegrado_Iniciativas_Homologação (3)[Acao]']","@item()?['PlanejamentoIntegrado_Iniciativas_Homologação (3)[Iniciativa]']","@item()?['PlanejamentoIntegrado_Iniciativas_Homologação (3)[Status]']","@item()?['PlanejamentoIntegrado_Iniciativas_Homologação (3)[Resultado]']","@item()?['PlanejamentoIntegrado_Iniciativas_Homologação (3)[Escopo]']","@item()?['PlanejamentoIntegrado_Iniciativas_Homologação (3)[AtividadesNaoOrcamentarias]']","@item()?['PlanejamentoIntegrado_ItensDeCusto_Homologação[PlanejamentoIntegrado_Cenarios_Homologação.Id]']","@item()?['PlanejamentoIntegrado_ItensDeCusto_Homologação[PlanejamentoIntegrado_Cenarios_Homologação.Descricao]']","@item()?['PlanejamentoIntegrado_ItensDeCusto_Homologação[PlanejamentoIntegrado_Cenarios_Homologação.Tipo]']","@item()?['PlanejamentoIntegrado_ItensDeCusto_Homologação[PlanejamentoIntegrado_Cenarios_Homologação.NumeroCenario]']","@item()?['PlanejamentoIntegrado_ItensDeCusto_Homologação[PlanejamentoIntegrado_Cenarios_Homologação.Beneficio]']","@item()?['PlanejamentoIntegrado_ItensDeCusto_Homologação[PlanejamentoIntegrado_Cenarios_Homologação.Risco]']","@item()?['PlanejamentoIntegrado_ItensDeCusto_Homologação[Id]']","@item()?['PlanejamentoIntegrado_ItensDeCusto_Homologação[Item de Custo]']","@item()?['PlanejamentoIntegrado_ItensDeCusto_Homologação[Forma]']","@item()?['PlanejamentoIntegrado_ItensDeCusto_Homologação[Quantitativo]']","@item()?['PlanejamentoIntegrado_ItensDeCusto_Homologação[ValorUnitario]']","@item()?['PlanejamentoIntegrado_ItensDeCusto_Homologação[Frequencia]']","@item()?['PlanejamentoIntegrado_ItensDeCusto_Homologação[ElementoItemCodigo]']","@item()?['PlanejamentoIntegrado_ItensDeCusto_Homologação[ElementoItem]']","@item()?['PlanejamentoIntegrado_ItensDeCusto_Homologação[Unidade]']","@item()?['PlanejamentoIntegrado_ItensDeCusto_Homologação[Premissa]']","@item()?['PlanejamentoIntegrado_ItensDeCusto_Homologação[PremissaPreco]']","@item()?['PlanejamentoIntegrado_ItensDeCusto_Homologação[Grupo]']","@item()?['PlanejamentoIntegrado_ItensDeCusto_Homologação[Fonte]']","@item()?['PlanejamentoIntegrado_ItensDeCusto_Homologação[Instrumento]']","@item()?['PlanejamentoIntegrado_ItensDeCusto_Homologação[ValorTotal]']"]}},"Create_table":{"runAfter":{"Get_file_metadata":["Succeeded"]},"metadata":{"operationMetadataId":"ba20a824-bc25-42d8-b2cc-71c349a78014","tableId":null},"type":"OpenApiConnection","inputs":{"parameters":{"source":"me","drive":"@split(outputs('Get_file_metadata')?['body/Id'],'.')?[0]","file":"/Homologa/@{outputs('Create_file_1')?['body/Name']}","table/Range":"$A1:$AC1","table/TableName":"Relatorio","table/ColumnsNames":"ID_Iniciativa,Programa,Acao,Iniciativa,Status,Resultado,Escopo,AtivdadesNaoOrcamentarias,ID_Cenario,Descricao,Tipo,NumeroCenario,Beneficio,Risco,ID_Item_De_Custo,Item de Custo,Forma,Quantitativo,ValorUnitario,Frequencia,ElementoItemCodigo,ElementoItem,Unidade,PremissaVolume,PremissaPreco,Grupo,Fonte,Instrumento,ValorTotal"},"host":{"apiId":"/providers/Microsoft.PowerApps/apis/shared_excelonlinebusiness","connectionName":"shared_excelonlinebusiness","operationId":"CreateTable"},"authentication":{"value":"@json(decodeBase64(triggerOutputs().headers['X-MS-APIM-Tokens']))['$ConnectionKey']","type":"Raw"}}},"Send_an_HTTP_request":{"runAfter":{"Create_table":["Succeeded"]},"metadata":{"operationMetadataId":"38ad862e-22b4-4c8d-9fe2-2aeb0ca810a5"},"type":"OpenApiConnection","inputs":{"parameters":{"Uri":"https://graph.microsoft.com/v1.0/me/drive/items/@{split(outputs('Get_file_metadata')?['body/Id'],'.')?[1]}/workbook/tables/Relatorio/rows","Method":"POST","Body":"{\n\"values\": @{body('Select')}\n}","ContentType":"application/json"},"host":{"apiId":"/providers/Microsoft.PowerApps/apis/shared_office365users","connectionName":"shared_office365users","operationId":"HttpRequest"},"authentication":{"value":"@json(decodeBase64(triggerOutputs().headers['X-MS-APIM-Tokens']))['$ConnectionKey']","type":"Raw"}}},"Create_file_1":{"runAfter":{"Get_file_content":["Succeeded"]},"metadata":{"operationMetadataId":"3f25ffbd-5862-439e-b278-1318f4bb0adb"},"type":"OpenApiConnection","inputs":{"parameters":{"folderPath":"/Homologa","name":"Relatorio_Planejamento_Integrado_@{formatDateTime(utcNow(), 'dd-MM-yyyy HH:mm:ss')}.xlsx","body":"@body('Get_file_content')"},"host":{"apiId":"/providers/Microsoft.PowerApps/apis/shared_onedriveforbusiness","connectionName":"shared_onedriveforbusiness","operationId":"CreateFile"},"authentication":{"value":"@json(decodeBase64(triggerOutputs().headers['X-MS-APIM-Tokens']))['$ConnectionKey']","type":"Raw"}},"runtimeConfiguration":{"contentTransfer":{"transferMode":"Chunked"}}},"Create_share_link":{"runAfter":{"Send_an_HTTP_request":["Succeeded"]},"metadata":{"operationMetadataId":"b5a0e3b0-63b3-4cd6-b951-9198903ed2c1"},"type":"OpenApiConnection","inputs":{"parameters":{"id":"@outputs('Get_file_metadata')?['body/Id']","type":"Edit","scope":"Anonymous"},"host":{"apiId":"/providers/Microsoft.PowerApps/apis/shared_onedriveforbusiness","connectionName":"shared_onedriveforbusiness","operationId":"CreateShareLinkV2"},"authentication":{"value":"@json(decodeBase64(triggerOutputs().headers['X-MS-APIM-Tokens']))['$ConnectionKey']","type":"Raw"}}},"Respond_to_a_Power_App_or_flow":{"runAfter":{"Post_message_in_a_chat_or_channel":["Succeeded"]},"metadata":{"operationMetadataId":"fd949b32-b74c-4a75-bd12-46f5ee511f41"},"type":"Response","kind":"PowerApp","inputs":{"schema":{"type":"object","properties":{"filelink":{"title":"fileLink","x-ms-dynamically-added":true,"type":"string"}},"additionalProperties":{}},"statusCode":200,"body":{"filelink":"@{outputs('Create_share_link')?['body/WebUrl']}?Download=1"}}},"Get_file_metadata":{"runAfter":{"Create_file_1":["Succeeded"]},"metadata":{"operationMetadataId":"a51b9f81-90db-4ade-bbf7-e4a9b6ca4aeb"},"type":"OpenApiConnection","inputs":{"parameters":{"id":"@outputs('Create_file_1')?['body/Id']"},"host":{"apiId":"/providers/Microsoft.PowerApps/apis/shared_onedriveforbusiness","connectionName":"shared_onedriveforbusiness","operationId":"GetFileMetadata"},"authentication":{"value":"@json(decodeBase64(triggerOutputs().headers['X-MS-APIM-Tokens']))['$ConnectionKey']","type":"Raw"}}}},"outputs":{}},"connectionReferences":{"shared_powerbi":{"connectionName":"e7db093622354921b469cfad252dae1e","source":"Embedded","id":"/providers/Microsoft.PowerApps/apis/shared_powerbi","tier":"NotSpecified","apiName":"powerbi","isProcessSimpleApiReferenceConversionAlreadyDone":false},"shared_sharepointonline":{"connectionName":"f2d1a9e7b216487bbf0fe0ea2d04b204","source":"Embedded","id":"/providers/Microsoft.PowerApps/apis/shared_sharepointonline","tier":"NotSpecified","apiName":"sharepointonline","isProcessSimpleApiReferenceConversionAlreadyDone":false},"shared_teams":{"connectionName":"278317b9374f421eb3e33a966c1228e6","source":"Embedded","id":"/providers/Microsoft.PowerApps/apis/shared_teams","tier":"NotSpecified","apiName":"teams","isProcessSimpleApiReferenceConversionAlreadyDone":false},"shared_excelonlinebusiness":{"connectionName":"5996034646a744708a706f9ac7579377","source":"Invoker","id":"/providers/Microsoft.PowerApps/apis/shared_excelonlinebusiness","tier":"NotSpecified","apiName":"excelonlinebusiness","isProcessSimpleApiReferenceConversionAlreadyDone":false},"shared_office365users":{"connectionName":"bb5fcaf395754796871b6737c8e232dc","source":"Invoker","id":"/providers/Microsoft.PowerApps/apis/shared_office365users","tier":"NotSpecified","apiName":"office365users","isProcessSimpleApiReferenceConversionAlreadyDone":false},"shared_onedriveforbusiness":{"connectionName":"45b0d5a580f744219f631c57b6033030","source":"Invoker","id":"/providers/Microsoft.PowerApps/apis/shared_onedriveforbusiness","tier":"NotSpecified","apiName":"onedriveforbusiness","isProcessSimpleApiReferenceConversionAlreadyDone":false}},"flowFailureAlertSubscribed":false,"isManaged":false}}