{"schemaVersion":"1.0","appDefinitionTemplate":{"id":"/providers/Microsoft.PowerApps/apps/","type":"Microsoft.PowerApps/apps","tags":{"primaryDeviceWidth":"1366","primaryDeviceHeight":"768","supportsPortrait":"true","supportsLandscape":"true","primaryFormFactor":"Tablet","showStatusBar":"false","publisherVersion":"3.25063.6","minimumRequiredApiVersion":"2.2.0","hasComponent":"true","hasUnlockedComponent":"true","isUnifiedRootApp":"false","sienaVersion":"20250702T134655Z-3.25063.6.0","coauthoringEnabled":"true","multipleWritersEnabled":"true","acceptedCoauthoringTerms":"true"},"properties":{"appVersion":"2025-07-02T13:46:55Z","lifeCycleId":"Published","createdByClientVersion":{"major":3,"minor":25063,"build":6,"revision":0,"majorRevision":0,"minorRevision":0},"minClientVersion":{"major":3,"minor":25063,"build":6,"revision":0,"majorRevision":0,"minorRevision":0},"backgroundColor":"rgba(255, 255, 255, 1)","backgroundImageUri":"/18042618348971087428/N6a002e84-2d6a-44bb-ba60-cc8120cf06d5-N34b632dc-078c-4680-aa3b-7eb14f527afc-logoSmallFile","displayName":"Planejamento Integrado 2026 - Homologação","description":"Atualização das fontes","commitMessage":"","appUris":{"documentUri":{"value":"/18042618348971087428/Nf5fdf3f4-1807-4fff-9311-56a5a257cee9-N1e69a1f0-a498-4c5b-84d0-beeaea79c165-document.msapp"},"imageUris":[],"additionalUris":[]},"createdTime":"0001-01-01T00:00:00Z","lastModifiedTime":"0001-01-01T00:00:00Z","sharedGroupsCount":0,"sharedUsersCount":0,"connectionReferences":{"e24492ac-7e19-4cca-b958-e8e0083778ad":{"id":"c90ad6b9-dca6-47e8-9e35-11b945df6b09","displayName":"Usuários do Office 365","iconUri":"https://conn-afd-prod-endpoint-bmc9bqahasf3grgk.b01.azurefd.net/v1.0.1751/1.0.1751.4213/office365users/icon.png","dataSources":["UsuáriosdoOffice365"],"dependencies":[],"dependents":["15321fc1-9c51-4e1a-aa35-822f5059fe3a"],"parameterHints":{},"parameterHintsV2":{},"isOnPremiseConnection":false,"bypassConsent":false,"dataSets":{},"apiTier":"Standard","isCustomApiConnection":false,"actions":["MyProfile_V2","UserPhotoMetadata","UserPhoto_V2"]},"f6a0825e-e408-4733-8b86-27f49643030a":{"id":"a64e5633-d8dd-4e21-9b9e-8aca309835f7","displayName":"SharePoint","iconUri":"https://conn-afd-prod-endpoint-bmc9bqahasf3grgk.b01.azurefd.net/v1.0.1754/1.0.1754.4231/sharepointonline/icon.png","dataSources":["PlanejamentoIntegrado_Cenarios","PlanejamentoIntegrado_ItensDeCusto","PlanejamentoIntegrado_Iniciativas","PlanejamentoIntegrado_ProgramasAcoes","PlanejamentoIntegrado_ElementosItem","PlanejamentoIntegrado_Usuarios"],"dependencies":[],"dependents":[],"parameterHints":{},"parameterHintsV2":{},"isOnPremiseConnection":false,"bypassConsent":false,"dataSets":{"https://cecad365.sharepoint.com/sites/AssessoriadePlanejamentoModernizaoeDados-SEDESE":{"dataSources":{"PlanejamentoIntegrado_Cenarios":{"tableName":"2feb14e8-8dd2-4edf-9466-9d1c7372b2e5"},"PlanejamentoIntegrado_ItensDeCusto":{"tableName":"b24b6917-bc8a-446f-be1a-a7e2774b74bd"},"PlanejamentoIntegrado_Iniciativas":{"tableName":"f15a85bf-5e0a-4938-97ef-3204187dae83"},"PlanejamentoIntegrado_ProgramasAcoes":{"tableName":"c19caa9d-7cee-4b2d-9998-e28eebcca098"},"PlanejamentoIntegrado_ElementosItem":{"tableName":"f02ad8f9-7981-4c99-b8e3-f24b2fc577e7"},"PlanejamentoIntegrado_Usuarios":{"tableName":"cef6a9fc-34a8-465c-ab4d-9fb801380c69"}}}},"apiTier":"Standard","isCustomApiConnection":false,"actions":["providers/PowerPlatform.Governance/Operations/Read","providers/PowerPlatform.Governance/Operations/Write","providers/PowerPlatform.Governance/Operations/Delete"]},"15321fc1-9c51-4e1a-aa35-822f5059fe3a":{"id":"f0d6d828-34ba-4d7c-8b11-32377b8559ef","displayName":"Fluxos lógicos","iconUri":"https://conn-afd-prod-endpoint-bmc9bqahasf3grgk.b01.azurefd.net/v1.0.1752/1.0.1752.4216/logicflows/icon.png","dataSources":["Gerar_Relatorio_Planejamento_Integrado_2026"],"dependencies":["0a3ff50c-91af-481f-90d5-133662f8bbf5","e24492ac-7e19-4cca-b958-e8e0083778ad","3538ed1e-d0c4-4d0f-875c-1a4e64af4ed2"],"dependents":[],"parameterHints":{"workflowName":{"value":"e7b9e99c-64cb-45d9-8abd-c8c3d77fe557"},"workflowEntityId":{"value":"94d42dcb-1742-f011-877a-6045bd3b8c03"},"workflowDisplayName":{"value":"Gerar_Relatorio_Planejamento_Integrado_2026"},"0a3ff50c-91af-481f-90d5-133662f8bbf5":{"value":"shared_excelonlinebusiness"},"e24492ac-7e19-4cca-b958-e8e0083778ad":{"value":"shared_office365users"},"3538ed1e-d0c4-4d0f-875c-1a4e64af4ed2":{"value":"shared_onedriveforbusiness"}},"parameterHintsV2":{"workflowName":{"value":"e7b9e99c-64cb-45d9-8abd-c8c3d77fe557"},"workflowEntityId":{"value":"94d42dcb-1742-f011-877a-6045bd3b8c03"},"workflowDisplayName":{"value":"Gerar_Relatorio_Planejamento_Integrado_2026"},"shared_excelonlinebusiness":{"value":"0a3ff50c-91af-481f-90d5-133662f8bbf5"},"shared_office365users":{"value":"e24492ac-7e19-4cca-b958-e8e0083778ad"},"shared_onedriveforbusiness":{"value":"3538ed1e-d0c4-4d0f-875c-1a4e64af4ed2"}},"isOnPremiseConnection":false,"bypassConsent":false,"dataSets":{},"apiTier":"Standard","isCustomApiConnection":false,"actions":["Run"],"nestedActions":[{"id":"/providers/Microsoft.PowerApps/apis/shared_powerbi/apiOperations/ExecuteDatasetQuery","flowConnectionRef":"shared_powerbi","apiName":"Power BI","actionName":"ExecuteDatasetQuery","referencedResources":[]},{"id":"/providers/Microsoft.PowerApps/apis/shared_sharepointonline/apiOperations/GetFileContent","flowConnectionRef":"shared_sharepointonline","apiName":"SharePoint","actionName":"GetFileContent","referencedResources":[{"key":"site","value":"https://cecad365.sharepoint.com/sites/AssessoriadePlanejamentoModernizaoeDados-SEDESE"},{"key":"site","value":"https://cecad365.sharepoint.com/sites/AssessoriadePlanejamentoModernizaoeDados-SEDESE"},{"key":"fileId","value":"%252fDocumentos%2bCompartilhados%252fGeneral%252fBases%2bDashboard%252fRelat%25c3%25b3rios%252fRelatorioModelo.xlsx"}]},{"id":"/providers/Microsoft.PowerApps/apis/shared_teams/apiOperations/PostMessageToConversation","flowConnectionRef":"shared_teams","apiName":"Microsoft Teams","actionName":"PostMessageToConversation","referencedResources":[{"key":"chatId","value":"@triggerBody()?['text_1']"}]},{"id":"/providers/Microsoft.PowerApps/apis/shared_excelonlinebusiness/apiOperations/CreateTable","flowConnectionRef":"shared_excelonlinebusiness","apiName":"Excel Online (Business)","actionName":"CreateTable","referencedResources":[{"key":"fileId","value":"@split(outputs('Get_file_metadata')?['body/Id'],'.')?[0]/SEDESE/@{outputs('Create_file_1')?['body/Name']}"}]},{"id":"/providers/Microsoft.PowerApps/apis/shared_office365users/apiOperations/HttpRequest","flowConnectionRef":"shared_office365users","apiName":"Usuários do Office 365","actionName":"HttpRequest","referencedResources":[]},{"id":"/providers/Microsoft.PowerApps/apis/shared_onedriveforbusiness/apiOperations/CreateFile","flowConnectionRef":"shared_onedriveforbusiness","apiName":"OneDrive for Business","actionName":"CreateFile","referencedResources":[]},{"id":"/providers/Microsoft.PowerApps/apis/shared_onedriveforbusiness/apiOperations/CreateShareLinkV2","flowConnectionRef":"shared_onedriveforbusiness","apiName":"OneDrive for Business","actionName":"CreateShareLinkV2","referencedResources":[{"key":"fileId","value":"@outputs('Get_file_metadata')?['body/Id']"}]},{"id":"/providers/Microsoft.PowerApps/apis/shared_onedriveforbusiness/apiOperations/GetFileMetadata","flowConnectionRef":"shared_onedriveforbusiness","apiName":"OneDrive for Business","actionName":"GetFileMetadata","referencedResources":[{"key":"fileId","value":"@outputs('Create_file_1')?['body/Id']"}]}]},"0a3ff50c-91af-481f-90d5-133662f8bbf5":{"id":"d46f165a-a223-4bd1-b982-d70f947e98e6","displayName":"Excel Online (Business)","iconUri":"https://connectoricons-prod.azureedge.net/releases/v1.0.1718/1.0.1718.3944/excelonlinebusiness/icon.png","dataSources":[],"dependencies":[],"dependents":["15321fc1-9c51-4e1a-aa35-822f5059fe3a"],"parameterHints":{},"parameterHintsV2":{},"isOnPremiseConnection":false,"bypassConsent":false,"dataSets":{},"apiTier":"Standard","isCustomApiConnection":false},"3538ed1e-d0c4-4d0f-875c-1a4e64af4ed2":{"id":"d4de95b9-5597-4de6-b0fb-4e31336aac35","displayName":"OneDrive for Business","iconUri":"https://conn-afd-prod-endpoint-bmc9bqahasf3grgk.b01.azurefd.net/releases/v1.0.1732/1.0.1732.4070/onedriveforbusiness/icon.png","dataSources":[],"dependencies":[],"dependents":["15321fc1-9c51-4e1a-aa35-822f5059fe3a"],"parameterHints":{},"parameterHintsV2":{},"isOnPremiseConnection":false,"bypassConsent":false,"dataSets":{},"apiTier":"Standard","isCustomApiConnection":false}},"databaseReferences":{},"almMode":"Environment","performanceOptimizationEnabled":false,"canConsumeAppPass":false,"enableModernRuntimeMode":false,"executionRestrictions":{"isTeamsOnly":false,"dataLossPreventionEvaluationResult":{"status":"Compliant","lastEvaluationDate":"2025-06-30T19:08:01.8945703Z","violations":[],"violationsByPolicy":[],"violationErrorMessage":"O aplicativo usa os seguintes conectores: shared_office365users, shared_sharepointonline, shared_logicflows, shared_excelonlinebusiness, shared_onedriveforbusiness."},"httpActionRestriction":{"appUsesSharepointHttpAction":false,"enforcementStrategy":"Legacy","evaluationTime":"2025-06-30T19:08:01.894413Z"}}},"isAppComponentLibrary":false,"appType":"ClassicCanvasApp","appComponents":[]}}